Temperature (C),Year,Rainfall (mm)
25.458948,1901,103.67473
24.584736,1901,95.16579
25.817896,1901,83.39526
27.129475,1901,93.38158
27.580526,1901,164.88895
26.933157,1901,199.86105
26.414211,1901,221.11475
25.931051,1901,271.1542
26.427896,1901,186.74736
26.202106,1901,394.11157
25.800526,1901,395.6621
25.036842,1901,221.69421
25.446316,1902,233.42368
23.949474,1902,104.63841
25.989475,1902,100.365265
26.965261,1902,115.9421
27.552631,1902,168.05843
26.880527,1902,276.0842
26.17158,1902,329.71368
26.104212,1902,273.8
25.83421,1902,264.24316
26.085262,1902,191.29526
25.732105,1902,171.06842
25.606318,1902,199.07579
24.916317,1903,119.09105
24.149473,1903,80.536316
25.346317,1903,29.622631
26.40842,1903,68.66631
27.073685,1903,144.15263
26.818949,1903,198.39684
25.833685,1903,343.4737
26.082632,1903,207.47684
25.58842,1903,229.59842
25.621054,1903,308.03842
25.210001,1903,276.12842
24.502106,1903,272.95892
24.25421,1904,219.40894
23.890526,1904,158.35052
24.966316,1904,80.03316
25.406841,1904,172.62631
25.88421,1904,175.79422
25.533157,1904,323.6021
25.50421,1904,318.09735
25.210527,1904,277.82526
24.956842,1904,240.88948
25.16842,1904,355.9458
24.55,1904,267.62158
24.021053,1904,103.1479
24.460001,1905,54.972633
23.913158,1905,50.12842
25.456316,1905,66.210526
26.545788,1905,68.14263
26.885263,1905,147.20947
26.017895,1905,232.39421
25.24158,1905,373.26685
25.43,1905,281.3874
25.189999,1905,294.12683
25.26421,1905,270.6242
24.591053,1905,131.94527
25.072105,1905,150.61159
24.68579,1906,158.54315
25.084736,1906,38.91158
25.476841,1906,97.76842
27.088947,1906,64.2379
27.036316,1906,269.82578
26.032104,1906,304.58685
25.892633,1906,226.20264
25.878422,1906,292.26212
25.330526,1906,361.0679
25.270527,1906,299.7458
24.774738,1906,336.11157
24.891579,1906,185.50894
24.111052,1907,174.57053
24.116842,1907,153.81631
24.914211,1907,101.15315
25.898422,1907,65.42316
26.567896,1907,109.30526
26.14421,1907,185.55106
25.436842,1907,261.3442
25.183157,1907,285.59842
25.243685,1907,228.28264
25.685263,1907,246.22159
25.421053,1907,183.09105
24.707895,1907,276.8195
24.572632,1908,144.83054
24.519474,1908,164.35316
24.886843,1908,91.89737
26.333685,1908,78.88106
26.09158,1908,241.27158
25.79158,1908,251.95633
25.410526,1908,236.67368
25.690527,1908,248.71631
25.51,1908,293.21262
25.56579,1908,272.98947
24.783684,1908,355.45367
24.835789,1908,288.6579
24.76421,1909,101.710526
24.71842,1909,87.244736
25.357368,1909,95.73421
26.42579,1909,57.356842
26.565262,1909,180.43579
26.285263,1909,195.58
25.226315,1909,393.65527
26.053684,1909,171.91525
25.367893,1909,312.39737
25.732632,1909,381.67682
24.99,1909,350.0074
24.252632,1909,308.15738
24.58263,1910,162.32158
24.741053,1910,183.43053
25.142105,1910,124.726845
25.82421,1910,139.8421
26.080526,1910,257.25632
26.094212,1910,254.78316
25.79158,1910,169.48264
25.745264,1910,210.93106
25.162106,1910,322.70633
25.273159,1910,270.8858
24.876316,1910,366.9042
24.744211,1910,319.5163
24.88158,1911,80.02843
24.168947,1911,149.48053
24.944736,1911,88.857895
25.61263,1911,124.28001
25.922632,1911,166.76947
25.812632,1911,171.45842
25.367369,1911,459.1058
25.471579,1911,284.1784
25.410526,1911,316.28
25.409473,1911,185.28842
24.886843,1911,88.57
24.896317,1911,141.81947
24.411053,1912,112.03263
24.802631,1912,68.157364
25.78684,1912,33.901054
26.585262,1912,65.037895
27.224209,1912,73.94895
27.005264,1912,159.57106
25.512104,1912,364.97842
25.397894,1912,272.87317
25.54842,1912,290.12683
25.321053,1912,312.44
25.055264,1912,291.55475
24.729473,1912,150.51685
24.804737,1913,123.45526
24.646841,1913,84.60105
25.470526,1913,69.99526
25.815262,1913,102.46737
26.175262,1913,179.43106
26.279999,1913,201.82106
25.585789,1913,457.16104
25.386843,1913,271.8758
25.596842,1913,302.58685
25.191578,1913,280.57632
24.985264,1913,153.5242
24.905262,1913,177.48895
24.05579,1914,89.51369
24.020527,1914,34.106842
25.650524,1914,71.27052
26.590527,1914,64.27789
26.92579,1914,172.42473
26.118948,1914,293.89896
25.941051,1914,220.13106
25.888422,1914,298.22684
25.39579,1914,296.17264
25.594738,1914,146.8279
25.700525,1914,110.32527
25.356842,1914,111.4021
24.93263,1915,85.63316
25.111578,1915,18.866316
25.938946,1915,36.726845
27.045263,1915,49.23158
27.097895,1915,174.4721
26.98,1915,288.13474
26.361053,1915,236.31369
26.258419,1915,244.95633
25.821054,1915,232.01474
25.779999,1915,356.7837
25.680527,1915,268.09158
25.061052,1915,339.16107
24.666317,1916,254.09421
24.68,1916,132.04315
25.241053,1916,109.70685
25.908947,1916,89.350525
25.859472,1916,214.9321
25.738947,1916,265.4926
25.842632,1916,228.35579
26.061054,1916,250.59421
25.28263,1916,322.52527
25.388948,1916,335.2121
24.940525,1916,209.18579
24.847368,1916,330.28052
24.373684,1917,202.54474
24.053158,1917,131.2742
25.127369,1917,107.72894
26.30421,1917,82.68474
25.996841,1917,194.83157
25.935263,1917,303.33737
25.363157,1917,314.11578
25.759472,1917,210.37947
25.365263,1917,267.77054
25.29842,1917,287.76263
24.866842,1917,357.95947
24.608948,1917,239.50842
23.150526,1918,269.38315
23.472631,1918,148.41473
24.444736,1918,141.12
25.567894,1918,104.827896
26.518948,1918,155.81894
25.67421,1918,328.58527
25.822104,1918,247.09106
25.358948,1918,230.73001
25.754736,1918,196.40947
25.46842,1918,252.05054
25.146841,1918,109.54474
24.432106,1918,167.00157
24.676842,1919,59.953686
24.966843,1919,60.66842
25.759472,1919,59.830524
27.025263,1919,55.183685
27.10842,1919,144.8179
26.358948,1919,212.1042
25.631052,1919,310.5921
25.671055,1919,333.0395
25.412632,1919,211.65579
25.43,1919,283.1037
25.033157,1919,234.70105
24.760527,1919,206.60947
24.381054,1920,161.61685
24.816317,1920,88.29158
25.50158,1920,69.07316
26.517368,1920,68.0479
26.617895,1920,123.78263
26.43421,1920,194.60263
25.861053,1920,321.2758
26.039999,1920,158.43315
25.625263,1920,269.4305
25.355263,1920,233.55368
25.231052,1920,295.83368
24.524738,1920,207.95474
24.424212,1921,183.84369
24.6,1921,169.46211
25.415264,1921,151.20578
25.935787,1921,102.00263
26.5,1921,184.79422
25.906841,1921,231.3042
25.765789,1921,310.14105
25.695263,1921,301.89896
25.483158,1921,260.97684
25.43158,1921,222.07527
25.03158,1921,469.0205
24.44263,1921,200.43422
24.683157,1922,162.08948
24.611052,1922,90.74895
25.367893,1922,103.73684
26.61316,1922,78.55
26.538946,1922,243.21475
26.409473,1922,226.90054
25.549473,1922,330.82263
25.803158,1922,201.79684
25.622105,1922,323.82104
25.612106,1922,222.68265
25.293684,1922,260.07263
24.880001,1922,267.48788
24.31579,1923,239.76212
24.553158,1923,87.65315
24.691051,1923,139.98158
26.224737,1923,133.07474
26.175262,1923,245.1163
25.790527,1923,325.9342
25.711578,1923,312.75946
25.41,1923,338.94
25.59579,1923,212.73526
25.393158,1923,172.14578
25.058422,1923,291.97052
24.861052,1923,93.20421
24.556843,1924,90.95052
24.893684,1924,104.514206
25.31579,1924,92.72948
26.736841,1924,63.31316
27.17579,1924,171.91737
26.27,1924,242.58684
25.696316,1924,289.96158
25.937893,1924,300.85315
25.816843,1924,214.1279
25.653158,1924,324.29367
24.81842,1924,383.1621
24.206842,1924,344.89423
25.04421,1925,124.726845
24.312632,1925,181.94157
25.283157,1925,130.80843
26.123684,1925,143.37369
26.468948,1925,184.32158
25.85,1925,292.0337
25.730526,1925,424.44
25.972631,1925,286.53525
25.633686,1925,236.75842
25.157368,1925,272.02472
25.119473,1925,185.93684
24.142105,1925,155.71895
24.058949,1926,175.83578
24.725262,1926,77.521576
25.288948,1926,54.835266
26.865261,1926,28.79158
27.279474,1926,152.70631
26.333157,1926,308.8758
25.763683,1926,343.19894
25.75,1926,327.9679
25.700525,1926,325.8058
25.586315,1926,315.41315
25.162106,1926,296.26
24.489473,1926,234.62105
24.312105,1927,167.21579
25.001053,1927,83.42316
25.834738,1927,110.656845
26.622105,1927,107.69369
26.822104,1927,190.13895
26.271053,1927,250.9979
25.761578,1927,294.88895
25.685263,1927,283.56476
26.21316,1927,149.53368
25.461052,1927,283.16
25.383684,1927,232.95474
25.205263,1927,186.62053
25.280527,1928,153.72894
24.88421,1928,188.41104
25.822632,1928,85.567894
26.457367,1928,146.19263
26.88421,1928,166.20999
26.08842,1928,216.90474
25.809473,1928,322.7721
26.526316,1928,193.88106
25.798946,1928,225.0521
25.521053,1928,271.6842
25.446842,1928,281.84842
24.906315,1928,199.47
23.903158,1929,227.8984
24.616316,1929,67.76894
24.918947,1929,127.29684
26.08158,1929,108.633156
26.675262,1929,222.21
26.532104,1929,179.43158
25.393158,1929,318.0879
25.410526,1929,312.72473
25.740528,1929,264.1721
25.397367,1929,244.58052
24.911053,1929,226.59631
24.565264,1929,177.90317
24.71842,1930,99.572105
24.334736,1930,49.58105
25.594212,1930,60.936317
26.475262,1930,94.64316
26.492634,1930,267.42474
26.288422,1930,258.85895
26.107367,1930,259.66263
25.99,1930,210.91106
26.216314,1930,192.7537
26.30421,1930,161.45105
25.64737,1930,224.89262
25.138948,1930,217.51526
25.266842,1931,124.64632
25.408947,1931,25.414738
26.289999,1931,46.72474
27.121054,1931,63.371574
27.671055,1931,153.80316
27.179474,1931,201.08475
26.406841,1931,323.9158
26.11,1931,345.16998
25.993158,1931,293.2521
25.8,1931,321.34262
25.432106,1931,273.63315
24.870525,1931,252.14421
23.975788,1932,150.20578
24.28158,1932,82.89895
25.247368,1932,115.899475
26.681051,1932,51.546314
26.802105,1932,214.83737
26.544735,1932,267.23843
25.741053,1932,369.79422
26.303158,1932,209.7979
25.802105,1932,268.84158
25.886316,1932,250.03525
25.327894,1932,312.86475
24.94579,1932,225.36105
24.702106,1933,179.39421
25.141579,1933,125.99684
25.644735,1933,58.692635
26.83105,1933,63.629475
27.420002,1933,145.46104
26.435263,1933,233.74211
25.931051,1933,282.30054
26.137894,1933,186.63315
25.853683,1933,278.31735
25.375263,1933,359.8121
25.13158,1933,290.4442
24.723684,1933,274.5642
24.561579,1934,213.67842
23.94263,1934,225.84895
25.218946,1934,163.90579
26.184738,1934,140.18263
26.196316,1934,242.21526
26.382633,1934,235.59473
25.985788,1934,296.8947
25.792105,1934,369.27737
25.502632,1934,444.44263
25.67421,1934,282.51474
25.45579,1934,366.66632
24.602106,1934,281.7516
24.238949,1935,68.14526
24.98737,1935,105.447365
25.86316,1935,63.105263
26.620525,1935,85.99737
26.511578,1935,242.70633
26.54421,1935,206.80106
25.945263,1935,421.74893
26.387894,1935,213.2821
25.634739,1935,318.85104
26.04158,1935,215.55843
25.367893,1935,221.51315
24.748947,1935,156.81947
24.683157,1936,176.48895
25.422106,1936,40.288948
25.572632,1936,97.157364
26.550526,1936,95.27263
27.177896,1936,218.98051
26.521053,1936,207.28264
25.901577,1936,331.4942
25.703684,1936,368.73105
25.775263,1936,206.38156
25.872631,1936,275.38843
25.301052,1936,196.62631
25.717896,1936,247.37369
25.377895,1937,117.7421
25.287895,1937,69.43947
26.015263,1937,95.28842
26.822104,1937,82.303154
26.809473,1937,185.84474
26.91,1937,183.53737
25.899475,1937,360.36685
25.993158,1937,348.4095
25.761053,1937,265.63104
25.341053,1937,293.9095
25.45421,1937,246.15842
25.400526,1937,180.06158
24.80737,1938,125.72473
24.876316,1938,100.66106
25.916315,1938,103.6758
26.301052,1938,161.18369
26.46316,1938,176.92685
26.025791,1938,285.03525
25.978947,1938,247.02632
26.757895,1938,169.71684
26.191051,1938,262.39368
25.641052,1938,302.28107
25.241053,1938,347.27423
25.091053,1938,264.9305
24.614737,1939,225.95105
24.416317,1939,121.216324
25.572105,1939,99.50263
26.702631,1939,104.195786
26.305264,1939,286.9742
26.59737,1939,232.20369
26.334738,1939,336.13
26.333685,1939,350.1237
26.071579,1939,200.82947
26.020527,1939,251.67105
25.692633,1939,263.49686
24.286316,1939,333.10736
24.363157,1940,103.55685
24.151579,1940,90.82632
25.727896,1940,53.135265
26.872631,1940,95.37053
27.518948,1940,138.66473
26.803158,1940,224.72632
26.11,1940,387.04736
25.847895,1940,391.16263
26.008419,1940,249.7858
26.01,1940,217.95633
25.793682,1940,171.77579
24.984211,1940,169.44948
25.112104,1941,142.80843
24.920527,1941,96.238945
25.662106,1941,86.36948
26.547369,1941,92.39526
27.18158,1941,191.38052
26.645264,1941,241.98315
26.093159,1941,273.67526
26.5,1941,265.08844
25.870525,1941,259.36948
25.91158,1941,263.5074
25.55737,1941,246.37895
25.208948,1941,190.88263
24.43,1942,143.21947
24.986317,1942,94.55158
25.955265,1942,82.9
26.592632,1942,88.24368
26.91,1942,166.90579
26.486841,1942,245.17422
25.86316,1942,294.54526
26.022633,1942,265.65054
25.812107,1942,267.6695
25.81316,1942,264.22528
25.358421,1942,246.3479
24.749474,1942,192.16316
24.157894,1943,143.74843
24.441051,1943,96.32737
25.509474,1943,87.4
25.993158,1943,86.07842
26.66,1943,164.08789
26.137894,1943,260.2484
25.869473,1943,301.1126
25.844736,1943,269.03525
25.96316,1943,257.9605
25.629475,1943,263.09686
25.377895,1943,254.03789
24.816317,1943,184.28789
24.61579,1944,142.96263
24.61,1944,95.09105
25.255262,1944,84.14158
26.482632,1944,87.51369
27.05842,1944,168.51842
26.458948,1944,252.00737
26.017368,1944,281.6558
26.011053,1944,291.21262
26.114212,1944,256.8542
25.897894,1944,266.5521
25.721054,1944,252.52579
24.761578,1944,187.10738
24.507368,1945,143.37
24.609474,1945,98.32737
25.53421,1945,84.40158
26.495789,1945,85.49737
26.79421,1945,167.06369
26.421055,1945,244.18265
26.028421,1945,289.41315
25.867367,1945,285.60577
25.998423,1945,278.14053
25.649475,1945,294.9963
25.562632,1945,243.49158
25.026842,1945,185.93684
24.738422,1946,103.523155
24.683157,1946,94.87526
25.818949,1946,98.793686
26.593159,1946,92.25316
27.11,1946,150.08368
26.458948,1946,266.04526
26.337368,1946,300.06735
26.11263,1946,224.2958
25.926844,1946,296.27737
26.033157,1946,266.44263
26.106318,1946,174.19421
25.92579,1946,206.87895
25.772633,1947,80.06158
25.128422,1947,98.35684
26.206842,1947,134.25948
27.242634,1947,114.41211
27.322104,1947,192.53421
27.096842,1947,265.19107
26.727367,1947,250.76315
26.548946,1947,295.97263
26.636316,1947,206.75737
26.233685,1947,354.21368
25.406841,1947,250.93106
25.452106,1947,250.9521
24.540525,1948,94.38106
24.997894,1948,66.0179
25.322632,1948,83.78421
26.97579,1948,51.044212
27.243158,1948,122.75578
26.812107,1948,190.30264
26.158947,1948,269.6595
26.084738,1948,286.5905
25.644735,1948,252.9863
25.814737,1948,213.69685
24.75158,1948,306.38422
25.126842,1948,140.81894
23.93421,1949,82.3
24.597368,1949,67.27737
25.04842,1949,75.39263
26.099476,1949,63.542107
26.690527,1949,137.81999
26.37579,1949,179.20895
26.016315,1949,276.39053
26.077368,1949,250.1163
25.892633,1949,260.74686
25.672104,1949,338.60947
25.036842,1949,248.65527
24.957369,1949,284.1542
24.815264,1950,196.7
24.791578,1950,93.92421
25.28,1950,162.15317
26.330526,1950,95.06421
26.732632,1950,158.61105
26.440527,1950,217.11316
26.048422,1950,230.89737
26.107895,1950,233.40369
25.807367,1950,302.20053
25.523159,1950,253.03525
25.16842,1950,213.97737
24.151579,1950,151.57841
24.776316,1951,114.91316
24.823685,1951,85.05632
25.322632,1951,59.403156
26.592632,1951,88.238945
26.446316,1951,211.42632
26.239475,1951,224.64685
26.007895,1951,275.94473
26.117367,1951,277.89896
25.962631,1951,286.72894
26.219473,1951,169.19473
25.713684,1951,290.87262
25.103683,1951,267.57367
24.89421,1952,110.691574
25.16737,1952,95.85579
25.597368,1952,79.99211
26.560526,1952,95.94211
27.086842,1952,189.15579
26.38737,1952,245.72896
26.216314,1952,274.85684
25.54684,1952,403.0163
25.665262,1952,243.78683
25.822632,1952,409.19946
25.518948,1952,167.7521
24.897894,1952,328.40158
24.391052,1953,127.34474
24.821579,1953,109.15947
25.757366,1953,64.24211
26.612106,1953,61.304737
26.922104,1953,141.42842
26.288422,1953,307.12738
25.933157,1953,240.03052
25.90842,1953,291.64053
25.963684,1953,195.91843
26.050526,1953,217.9179
25.581053,1953,307.9663
24.848421,1953,278.5942
24.92,1954,74.219475
25.03263,1954,77.0479
25.28263,1954,144.9758
26.523157,1954,73.15263
26.742105,1954,174.66579
26.416843,1954,213.07527
26.086315,1954,224.11002
25.904736,1954,266.83002
25.704737,1954,261.96686
25.555264,1954,208.24211
24.853683,1954,267.98264
24.447895,1954,257.76788
24.195263,1955,294.95844
24.466316,1955,62.70263
25.018421,1955,74.07316
26.220526,1955,86.54631
26.726843,1955,163.57211
26.07579,1955,286.45264
25.883158,1955,207.26001
26.025263,1955,204.4479
26.066315,1955,204.7821
25.756842,1955,252.07053
25.156315,1955,403.78265
24.014736,1955,133.93631
24.258947,1956,161.30894
24.753683,1956,114.38737
25.235264,1956,115.676315
25.893158,1956,198.80316
26.074738,1956,258.1279
26.201054,1956,194.88368
25.89737,1956,245.24472
25.662632,1956,334.3779
25.513683,1956,329.80368
25.655788,1956,237.97527
25.244738,1956,242.47421
24.564737,1956,409.6837
24.459475,1957,144.75948
24.274738,1957,86.5879
25.591053,1957,85.72
26.238422,1957,109.68422
26.986317,1957,84.340004
26.603683,1957,250.75789
26.039999,1957,253.18738
26.118948,1957,273.2721
25.95,1957,267.2158
25.865261,1957,212.6658
25.301052,1957,168.91895
25.526842,1957,76.62789
24.939999,1958,118.53737
24.891052,1958,71.053154
25.643158,1958,69.84947
26.249475,1958,72.35368
27.127895,1958,122.84053
26.597895,1958,210.95842
26.226315,1958,258.26788
26.082104,1958,282.21475
25.974737,1958,231.85474
25.780527,1958,373.2237
25.077894,1958,252.59895
24.678947,1958,101.95947
24.300526,1959,111.003685
24.952633,1959,66.2679
25.38421,1959,129.28105
26.321054,1959,50.472633
26.714212,1959,187.66104
26.96842,1959,167.78368
26.036316,1959,264.62158
25.768421,1959,287.31894
25.981052,1959,198.93001
25.746841,1959,210.27158
25.42158,1959,278.39264
25.03421,1959,218.62
24.853159,1960,120.4421
24.675262,1960,129.54947
25.640528,1960,88.725266
26.376842,1960,116.505264
26.80842,1960,191.46526
26.260525,1960,255.70528
26.399475,1960,207.85474
26.343159,1960,304.5221
25.836315,1960,289.14316
25.680527,1960,338.61896
25.428947,1960,229.63052
24.8,1960,122.914734
23.80421,1961,120.61
24.863157,1961,81.61948
25.738422,1961,69.44789
26.621054,1961,94.85737
26.809473,1961,211.7721
26.151577,1961,282.99738
25.765263,1961,296.37473
25.76263,1961,307.84262
25.882105,1961,214.93843
25.447369,1961,245.67159
25.324738,1961,194.37473
24.902632,1961,146.04422
24.101053,1962,162.67685
24.000526,1962,136.32211
25.320526,1962,120.46737
26.24737,1962,76.33947
26.843683,1962,214.70316
26.435787,1962,170.97316
25.788422,1962,413.7042
25.776844,1962,301.69525
25.449474,1962,392.89896
26.151577,1962,147.68736
25.272633,1962,271.16843
24.630001,1962,154.66895
23.342632,1963,180.53526
23.50421,1963,96.00053
24.517368,1963,90.81579
25.603683,1963,42.98684
26.90842,1963,102.515785
26.292633,1963,294.7105
26.064213,1963,215.21158
25.822632,1963,326.69366
25.992634,1963,261.5458
25.679474,1963,181.33054
25.564737,1963,164.6421
25.017368,1963,183.69527
25.077368,1964,87.25684
24.601053,1964,157.43842
25.33158,1964,47.41895
26.337368,1964,124.90263
26.682632,1964,220.99158
26.167368,1964,257.25842
25.916315,1964,215.05473
25.93421,1964,263.35684
25.943157,1964,292.32736
25.73,1964,269.89316
25.056316,1964,491.90683
24.478947,1964,218.47
23.812632,1965,188.83632
24.437895,1965,103.941574
24.810001,1965,120.54053
26.11263,1965,101.92579
26.43421,1965,186.52632
25.866842,1965,298.44263
25.383684,1965,302.4963
25.888422,1965,236.56316
25.846842,1965,234.5658
25.894735,1965,194.69527
25.759472,1965,184.16422
25.187895,1965,179.18948
24.905788,1966,120.47368
25.089474,1966,55.737896
25.689999,1966,57.33263
26.844736,1966,61.095264
26.453684,1966,368.93948
26.582632,1966,157.05579
26.007366,1966,338.97104
26.299475,1966,226.51526
26.072104,1966,253.54842
25.85579,1966,234.25528
25.63,1966,317.32736
25.345264,1966,246.3879
24.235264,1967,221.92737
24.25842,1967,111.27368
24.80737,1967,96.29263
25.973156,1967,94.68
26.952106,1967,105.26105
26.4,1967,265.25262
25.980526,1967,221.60104
25.69421,1967,338.9121
25.79158,1967,215.28474
25.473684,1967,301.1537
25.094212,1967,246.12527
24.175789,1967,87.87474
24.066317,1968,131.83578
23.835789,1968,59.792633
25.35579,1968,54.326843
25.975262,1968,44.76316
27.098948,1968,85.93474
26.970526,1968,149.7179
26.67579,1968,209.5042
26.082104,1968,336.93524
26.160526,1968,272.53525
25.529474,1968,170.62737
24.637896,1968,153.73842
24.726841,1968,124.02368
24.731579,1969,61.775787
24.45316,1969,25.218946
25.579473,1969,39.556843
26.649475,1969,55.363686
27.587368,1969,125.34631
26.802631,1969,233.16263
26.146841,1969,341.05527
26.218948,1969,246.50528
26.090527,1969,283.23788
25.942104,1969,178.39369
25.301052,1969,187.41368
25.016842,1969,217.84
24.753683,1970,120.53158
24.727367,1970,96.94368
25.952631,1970,99.83263
26.679998,1970,64.96632
27.322104,1970,129.01
26.601053,1970,281.6363
26.312107,1970,242.3637
25.981052,1970,277.16052
26.040527,1970,270.07
25.95,1970,419.22476
25.61579,1970,327.96317
25.537369,1970,220.17053
23.94421,1971,151.12315
24.621578,1971,151.4379
24.65842,1971,116.36
25.795263,1971,77.77211
26.45842,1971,245.42159
25.782104,1971,315.0558
25.628946,1971,332.49213
25.90842,1971,220.22946
25.99,1971,215.15842
25.404736,1971,447.9416
25.080526,1971,310.20578
25.017895,1971,236.19473
24.133684,1972,238.39473
24.87421,1972,80.15895
24.482105,1972,144.03159
25.91895,1972,81.787895
26.595789,1972,177.74315
26.26,1972,228.73369
26.228947,1972,445.99893
25.741053,1972,310.5484
25.962107,1972,228.89262
26.18158,1972,142.52316
25.80842,1972,225.73947
25.308949,1972,158.97316
24.869999,1973,41.22158
25.113684,1973,41.91
25.748947,1973,40.80158
26.946842,1973,65.56421
27.552631,1973,111.96316
27.072104,1973,174.67421
26.38684,1973,273.6695
26.062107,1973,298.99054
26.032633,1973,304.94
25.63,1973,352.0042
24.88158,1973,401.66473
24.73,1973,279.78
24.102633,1974,121.36211
24.697895,1974,144.06578
25.361052,1974,70.98369
26.532104,1974,106.17737
26.876316,1974,161.10631
26.054737,1974,239.7821
26.092632,1974,209.56421
26.223156,1974,284.0421
26.414211,1974,162.40526
25.677368,1974,456.09845
25.337894,1974,289.07367
25.022633,1974,261.4521
24.492632,1975,153.18527
24.745264,1975,84.75421
25.458948,1975,90.05263
26.215261,1975,164.63632
26.861578,1975,128.17421
26.188421,1975,247.49052
26.088947,1975,223.31107
26.028421,1975,264.02682
25.752106,1975,241.54631
25.965261,1975,291.47736
25.43158,1975,136.79579
24.513157,1975,359.95
24.097895,1976,194.61316
24.32842,1976,77.77789
25.348421,1976,86.10526
26.282633,1976,50.828945
26.035788,1976,335.96527
25.88421,1976,253.24422
25.85263,1976,197.84947
25.71579,1976,277.84317
25.803158,1976,226.9958
26.181051,1976,208.13156
25.514736,1976,239.37158
25.061579,1976,256.45264
25.204737,1977,131.65526
24.593159,1977,159.93053
25.270527,1977,69.83947
26.724209,1977,35.41421
27.288422,1977,124.86211
26.941051,1977,190.17
26.216314,1977,365.79474
25.946842,1977,247.63474
25.957367,1977,346.22318
26.357895,1977,130.41684
25.342632,1977,213.59106
24.498947,1977,65.28158
24.543684,1978,115.79474
24.56737,1978,86.628426
26.05842,1978,56.80263
26.800526,1978,104.37789
27.196316,1978,168.84737
26.748423,1978,191.63736
26.433157,1978,182.13841
26.183685,1978,305.54895
25.665262,1978,318.1958
25.718948,1978,286.31735
25.243158,1978,186.82527
25.418947,1978,191.11737
24.825788,1979,65.69
25.646317,1979,72.26473
25.880527,1979,46.135788
26.878422,1979,100.609474
26.726315,1979,200.87894
26.519474,1979,247.76685
26.345264,1979,272.69632
26.488947,1979,222.63
26.262106,1979,219.22842
25.780527,1979,279.43265
25.795788,1979,163.63368
24.583683,1979,192.12053
24.912632,1980,144.72789
24.80421,1980,101.68105
25.886316,1980,83.53579
26.726843,1980,72.997894
27.275263,1980,129.9921
26.726315,1980,323.8763
26.193157,1980,310.9063
26.13737,1980,252.51526
26.240528,1980,230.79158
26.038422,1980,309.04108
26.038946,1980,311.14685
25.66842,1980,170.70578
23.88421,1981,191.12947
24.526316,1981,61.54421
25.597368,1981,47.510525
26.82579,1981,55.552105
26.939999,1981,139.13474
26.420527,1981,282.58002
25.866842,1981,262.55634
26.368948,1981,198.6021
26.235788,1981,263.6221
25.748947,1981,260.87946
25.610525,1981,301.49316
24.78263,1981,154.98315
24.364737,1982,112.84843
24.805264,1982,94.69316
25.58842,1982,103.78737
26.438946,1982,75.85158
27.012106,1982,144.43895
26.767368,1982,213.99895
25.946316,1982,289.2158
26.001053,1982,302.6821
25.942633,1982,234.10738
25.976843,1982,175.57947
25.917896,1982,146.99736
25.506315,1982,142.0321
25.082106,1983,83.048416
25.20579,1983,18.156315
26.190527,1983,25.903158
27.195263,1983,20.577368
27.443157,1983,70.46474
27.551052,1983,149.9579
26.49737,1983,348.16684
26.711578,1983,259.55475
26.370525,1983,326.48212
26.115261,1983,325.2363
25.40842,1983,225.4163
24.725788,1983,182.18315
24.917894,1984,179.65
25.193684,1984,133.43369
26.143158,1984,92.99421
26.860525,1984,107.37579
26.747894,1984,198.16895
26.210001,1984,333.92896
26.187893,1984,195.75632
26.14737,1984,320.88525
26.19158,1984,236.10104
25.697369,1984,356.01315
25.826843,1984,203.95737
25.357895,1984,153.26633
24.522633,1985,133.94157
26.051579,1985,78.57842
26.364737,1985,74.63842
26.66158,1985,151.38368
27.156841,1985,148.13106
26.563684,1985,327.0842
25.966843,1985,271.61578
26.265789,1985,196.6937
25.79158,1985,323.63
25.958948,1985,337.20316
26.154211,1985,209.8863
25.35158,1985,151.05106
24.616842,1986,215.7521
24.76,1986,71.62211
25.663158,1986,88.771576
26.836315,1986,75.47053
27.298946,1986,141.58896
26.763159,1986,183.04105
26.317368,1986,325.5695
26.225262,1986,335.6242
26.224737,1986,277.58737
26.186316,1986,331.38474
25.971054,1986,285.36053
25.191578,1986,99.5621
24.788422,1987,76.98106
24.70316,1987,70.602104
26.33842,1987,38.75421
27.582632,1987,27.758419
28.210526,1987,78.09842
27.47579,1987,200.77684
26.476315,1987,240.23369
26.713684,1987,279.48947
26.769474,1987,223.8521
26.945263,1987,219.97104
26.375263,1987,255.93631
25.9,1987,186.05527
26.032104,1988,97.01842
26.076843,1988,95.58
26.861578,1988,60.938423
27.534739,1988,133.13106
27.801052,1988,153.84526
26.898947,1988,254.55632
26.564213,1988,252.08105
26.807896,1988,193.04369
26.766315,1988,231.47104
26.045788,1988,457.85052
25.734211,1988,320.41684
24.597368,1988,158.97684
25.623158,1989,178.30473
25.085789,1989,137.18474
25.724209,1989,152.8063
26.962631,1989,106.26473
27.138947,1989,247.06157
26.67579,1989,266.56476
26.535788,1989,268.59473
26.416315,1989,288.58105
26.519474,1989,248.27473
26.37579,1989,231.35368
25.97579,1989,158.1379
24.911053,1989,81.674736
25.364737,1990,97.42316
25.981579,1990,36.514214
26.170002,1990,41.345264
27.505264,1990,54.36842
27.204737,1990,216.3516
26.462107,1990,333.82843
26.503159,1990,240.17473
26.508947,1990,302.59158
26.35579,1990,255.4379
26.269474,1990,243.10632
25.837894,1990,295.14212
25.601053,1990,111.81578
25.46579,1991,85.62211
25.45316,1991,86.36737
26.059473,1991,79.829475
26.919474,1991,80.96
27.542633,1991,118.7321
27.11842,1991,220.30473
26.747894,1991,294.67316
26.610525,1991,296.5942
26.39737,1991,189.36632
26.153683,1991,198.77895
25.39421,1991,192.42789
25.195263,1991,114.11316
24.727367,1992,75.18053
24.798946,1992,26.122105
26.30421,1992,24.233685
26.86263,1992,36.671577
27.488422,1992,112.49684
26.946316,1992,210.0979
26.20316,1992,315.29895
26.733685,1992,237.42578
26.512106,1992,244.45
26.196316,1992,266.78314
25.53579,1992,175.78262
25.087894,1992,116.23631
24.75421,1993,85.918945
24.898947,1993,102.76369
25.567894,1993,72.98369
26.860525,1993,64.90895
27.50263,1993,71.613686
27.327896,1993,162.25052
26.582104,1993,266.9642
26.32579,1993,288.80948
26.186316,1993,219.40947
26.161053,1993,275.03052
26.307367,1993,230.2279
25.588947,1993,359.0637
25.491053,1994,147.46684
25.503683,1994,72.2979
26.12579,1994,105.78737
27.014736,1994,147.21632
27.446316,1994,169.15
26.793158,1994,286.7516
26.254211,1994,344.9358
26.345264,1994,241.13684
26.266315,1994,286.6916
26.375263,1994,132.62
25.994211,1994,106.08368
25.472631,1994,177.52263
25.257895,1995,103.016846
25.144737,1995,69.79
25.971054,1995,60.896843
26.811579,1995,48.714737
27.494736,1995,132.65
27.167896,1995,209.47
26.326843,1995,297.6374
26.231579,1995,298.01157
26.101053,1995,414.10684
26.32842,1995,300.8079
26.07421,1995,315.24686
25.213684,1995,339.0021
24.71842,1996,201.14526
24.733685,1996,118.93315
26.162632,1996,114.740005
26.457367,1996,164.27946
26.984737,1996,162.9579
26.9,1996,204.77368
26.438421,1996,255.1521
26.31316,1996,202.92737
26.322104,1996,240.36685
26.542105,1996,238.64316
25.639475,1996,364.70316
25.036316,1996,162.44473
24.34158,1997,111.15526
25.028948,1997,123.36263
25.36421,1997,71.19
26.538946,1997,47.167896
27.11842,1997,190.57632
26.899475,1997,151.08054
26.498423,1997,285.0258
26.758947,1997,204.05894
26.401577,1997,193.89316
26.590527,1997,224.17896
26.503683,1997,105.494736
25.923685,1997,96.62474
25.573685,1998,66.737366
25.996841,1998,35.16579
26.553158,1998,29.337894
27.61,1998,31.907368
27.91158,1998,147.1879
27.370525,1998,184.63684
27.173157,1998,137.27737
27.188421,1998,194.03789
26.563684,1998,259.6858
26.503683,1998,399.5921
26.544735,1998,321.45578
26.018421,1998,339.34317
25.55579,1999,265.28683
25.211578,1999,119.149475
26.228947,1999,212.11948
26.661053,1999,193.03
27.064737,1999,184.49684
26.419474,1999,259.8963
26.427896,1999,256.67422
26.21579,1999,344.33264
26.202631,1999,268.84686
26.383158,1999,301.84842
25.933685,1999,318.51895
25.614212,1999,304.07474
25.49579,2000,180.45685
25.57,2000,237.69052
26.202106,2000,172.42737
26.741581,2000,124.37315
27.27158,2000,234.93684
26.516842,2000,217.47737
26.318949,2000,328.52316
26.526844,2000,233.9542
26.422632,2000,219.51999
26.268948,2000,394.65106
26.243683,2000,270.1
25.935263,2000,296.58893
25.753683,2001,224.31107
25.808949,2001,74.26579
26.193157,2001,127.94948
27.487894,2001,107.51894
27.221054,2001,165.75526
26.983158,2001,238.47527
26.462107,2001,341.3216
26.43158,2001,296.18106
26.74737,2001,226.3658
26.553684,2001,289.4926
25.643682,2001,356.46002
25.036842,2001,294.27527
25.24579,2002,133.56578
25.036316,2002,62.373158
26.297894,2002,82.38947
26.953684,2002,65.05105
27.496317,2002,166.30316
27.133158,2002,236.80315
26.423685,2002,400.35104
26.242634,2002,291.9863
26.174738,2002,249.17896
26.655264,2002,171.49474
26.266842,2002,158.61316
25.79158,2002,165.86421
25.083157,2003,113.857376
25.211578,2003,66.43263
26.251053,2003,56.305794
27.417896,2003,51.356842
27.443684,2003,293.48578
26.53421,2003,277.93265
26.469473,2003,323.89316
26.177368,2003,349.11316
26.07579,2003,263.26736
26.157894,2003,288.73157
26.30579,2003,245.27946
25.245264,2003,187.95895
25.14421,2004,136.5421
25.564737,2004,87.19842
26.265263,2004,80.86473
27.583157,2004,76.52737
27.268421,2004,289.6374
26.204737,2004,293.9379
26.454212,2004,200.69894
26.515789,2004,302.56476
26.555264,2004,177.3579
25.864737,2004,218.73157
26.102106,2004,358.4479
25.772104,2004,189.04579
26.103159,2005,102.17842
25.676315,2005,26.226843
25.966314,2005,92.0179
26.900524,2005,61.54737
27.549475,2005,179.32632
26.816843,2005,253.69107
26.498423,2005,247.30315
26.442633,2005,289.0163
25.964737,2005,362.71893
26.282104,2005,300.72473
26.344736,2005,176.4258
25.18579,2005,427.42474
25.70842,2006,163.19263
25.634739,2006,154.11632
26.13158,2006,137.92526
27.066843,2006,61.811054
27.110525,2006,208.30579
26.938421,2006,209.99841
26.289999,2006,302.81894
26.263683,2006,244.8521
26.416315,2006,277.9058
26.045788,2006,276.92737
26.39421,2006,192.70842
26.054737,2006,283.05368
25.421053,2007,250.5037
25.65263,2007,44.10105
26.30421,2007,79.16631
26.92158,2007,76.84737
27.63,2007,170.27946
27.27158,2007,243.54526
26.714737,2007,257.98264
26.355265,2007,301.76474
26.178421,2007,361.79895
26.253683,2007,283.11157
25.26421,2007,394.7921
25.446842,2007,261.1563
25.357368,2008,267.2879
24.603159,2008,283.14526
25.621578,2008,139.51053
26.583157,2008,174.9
26.213684,2008,297.34735
26.39421,2008,256.98788
26.422632,2008,306.3742
26.212631,2008,345.9158
26.446316,2008,316.8163
26.290527,2008,255.59212
26.062632,2008,332.23788
25.451054,2008,201.54895
24.602633,2009,145.37
25.47842,2009,162.7358
26.322104,2009,162.14948
26.355265,2009,196.74474
26.65842,2009,256.5716
26.244736,2009,265.79684
26.008947,2009,329.18106
26.768948,2009,195.79105
26.427368,2009,360.32053
25.981579,2009,413.09
25.802631,2009,243.75105
24.883158,2009,105.92527
24.858854,2010,163.73125
25.555729,2010,25.749477
26.598438,2010,57.596355
26.786978,2010,117.28906
27.265625,2010,161.07968
27.309896,2010,229.27551
26.45729,2010,278.59113
26.442709,2010,271.98907
26.381771,2010,221.5677
25.880728,2010,330.9229
25.796875,2010,305.84427
25.272396,2010,249.12448
24.504168,2011,159.72969
24.778645,2011,161.31718
25.511457,2011,222.01355
26.579687,2011,80.495316
26.841665,2011,309.7083
26.85521,2011,396.25
26.297398,2011,342.52396
26.628124,2011,348.94376
26.324478,2011,319.30988
26.644272,2011,277.68124
26.278126,2011,272.4297
25.8375,2011,364.5849
25.58802,2012,309.72345
25.665625,2012,265.08438
26.41875,2012,126.07865
27.338022,2012,139.1875
27.713541,2012,220.88126
27.146353,2012,287.22864
26.274479,2012,399.45575
26.209896,2012,269.13177
26.110416,2012,265.94376
26.404688,2012,383.5552
26.297916,2012,214.9625
26.213541,2012,208.52551
